{
  "pickup_hour": 0.030047504086434786,
  "pickup_dow": 0.002289203537117171,
  "pickup_month": 0.0003161593866245428,
  "is_weekend": 0.0037691824367956277,
  "trip_duration_min": 0.14970664149901158,
  "trip_distance": 0.13322331540525248,
  "fare_per_mile": 0.06458812519269368,
  "passenger_count": 0.003717133750659479,
  "ratecodeid": 0.6123427347054107
}