{
  "pickup_hour": 0.029649518750740646,
  "pickup_dow": 0.0023931750438187776,
  "pickup_month": 0.0002921689757212041,
  "is_weekend": 0.003805560985282682,
  "trip_duration_min": 0.1494091649830413,
  "trip_distance": 0.13253324109460984,
  "fare_per_mile": 0.06806651632905938,
  "passenger_count": 0.003739369689088536,
  "ratecodeid": 0.6101112841486377
}